Table: information about induced prophage sequences,,,,,,,,
** Host bacterial reference genomes can be found at https://www.dropbox.com/scl/fo/y6215c31zswrx2csyqi78/h?rlkey=whjqdv9vbuiu3zrlnw2qevsoo&dl=0,,,,,,,,
** Prophage sequences can be found at https://www.dropbox.com/scl/fo/bc07xnrl8msagfwb0pjo6/h?rlkey=6pxotohvpob43aevcgkrw24re&dl=0,,,,,,,,
Phage-species,Phage name, Host genome, Contig, Start, End, Sequence length, Host species, Phage annotation
phage-species-1,StrainAtlasProphage_001_Contig_1_1,StrainAtlasProphage_001,1,38000,76000,38000,Bifidobacterium_adolescentis,Viruses;Duplodnaviria;Heunggongvirae;Uroviricota;Caudoviricetes
phage-species-5,StrainAtlasProphage_002_Contig_11_1,StrainAtlasProphage_002,11,2000,40000,38000,Bifidobacterium_adolescentis,Viruses;Duplodnaviria;Heunggongvirae;Uroviricota;Caudoviricetes
phage-species-10,StrainAtlasProphage_003_Contig_2_1,StrainAtlasProphage_003,2,65000,117000,52000,Bifidobacterium_adolescentis,Viruses;Duplodnaviria;Heunggongvirae;Uroviricota;Caudoviricetes
phage-species-1,StrainAtlasProphage_004_Contig_0_1,StrainAtlasProphage_004,0,11000,48000,37000,Bifidobacterium_adolescentis,Viruses;Duplodnaviria;Heunggongvirae;Uroviricota;Caudoviricetes
phage-species-16,StrainAtlasProphage_007_Contig_3_1,StrainAtlasProphage_007,3,132000,193000,61000,Bifidobacterium_adolescentis,Viruses;Duplodnaviria;Heunggongvirae;Uroviricota;Caudoviricetes
phage-species-64,StrainAtlasProphage_007_Contig_8_2,StrainAtlasProphage_007,8,0,33000,33000,Bifidobacterium_adolescentis,Viruses;Duplodnaviria;Heunggongvirae;Uroviricota;Caudoviricetes
phage-species-5,StrainAtlasProphage_010_Contig_1_1,StrainAtlasProphage_010,1,279000,315000,36000,Bifidobacterium_adolescentis,Viruses;Duplodnaviria;Heunggongvirae;Uroviricota;Caudoviricetes
phage-species-10,StrainAtlasProphage_011_Contig_8_1,StrainAtlasProphage_011,8,0,62000,62000,Bifidobacterium_adolescentis,Viruses;Duplodnaviria;Heunggongvirae;Uroviricota;Caudoviricetes
phage-species-2,StrainAtlasProphage_013_Contig_20_1,StrainAtlasProphage_013,20,0,20000,20000,Bifidobacterium_adolescentis,Viruses;Duplodnaviria;Heunggongvirae;Uroviricota;Caudoviricetes
phage-species-99,StrainAtlasProphage_014_Contig_18_2,StrainAtlasProphage_014,18,0,22000,22000,Bifidobacterium_adolescentis,Viruses;Duplodnaviria;Heunggongvirae;Uroviricota;Caudoviricetes   
phage-species-16,StrainAtlasProphage_014_Contig_2_1,StrainAtlasProphage_014,2,137000,182000,45000,Bifidobacterium_adolescentis,Viruses;Duplodnaviria;Heunggongvirae;Uroviricota;Caudoviricetes
phage-species-139,StrainAtlasProphage_015_Contig_0_1,StrainAtlasProphage_015,0,909000,947000,38000,Bifidobacterium_adolescentis,Viruses;Duplodnaviria;Heunggongvirae;Uroviricota;Caudoviricetes
phage-species-16,StrainAtlasProphage_019_Contig_4_1,StrainAtlasProphage_019,4,0,60000,60000,Bifidobacterium_adolescentis,Viruses;Duplodnaviria;Heunggongvirae;Uroviricota;Caudoviricetes
phage-species-64,StrainAtlasProphage_019_Contig_6_2,StrainAtlasProphage_019,6,0,32000,32000,Bifidobacterium_adolescentis,Viruses;Duplodnaviria;Heunggongvirae;Uroviricota;Caudoviricetes
phage-species-101,StrainAtlasProphage_020_Contig_0_1,StrainAtlasProphage_020,0,844000,885000,41000,Bifidobacterium_adolescentis,Viruses;Duplodnaviria;Heunggongvirae;Uroviricota;Caudoviricetes
phage-species-10,StrainAtlasProphage_021_Contig_11_1,StrainAtlasProphage_021,11,0,63000,63000,Bifidobacterium_adolescentis,Viruses;Duplodnaviria;Heunggongvirae;Uroviricota;Caudoviricetes
phage-species-16,StrainAtlasProphage_022_Contig_4_1,StrainAtlasProphage_022,4,0,60000,60000,Bifidobacterium_adolescentis,Viruses;Duplodnaviria;Heunggongvirae;Uroviricota;Caudoviricetes
phage-species-64,StrainAtlasProphage_022_Contig_6_2,StrainAtlasProphage_022,6,0,33000,33000,Bifidobacterium_adolescentis,Viruses;Duplodnaviria;Heunggongvirae;Uroviricota;Caudoviricetes
phage-species-132,StrainAtlasProphage_028_Contig_0_1,StrainAtlasProphage_028,0,6000,46000,40000,Bifidobacterium_adolescentis,Viruses;Duplodnaviria;Heunggongvirae;Uroviricota;Caudoviricetes
phage-species-128,StrainAtlasProphage_028_Contig_3_2,StrainAtlasProphage_028,3,69000,107000,38000,Bifidobacterium_adolescentis,Viruses;Duplodnaviria;Heunggongvirae;Uroviricota;Caudoviricetes
phage-species-16,StrainAtlasProphage_034_Contig_1_1,StrainAtlasProphage_034,1,9000,84000,75000,Bifidobacterium_adolescentis,Viruses;Duplodnaviria;Heunggongvirae;Uroviricota;Caudoviricetes
phage-species-5,StrainAtlasProphage_041_Contig_2_1,StrainAtlasProphage_041,2,199000,237000,38000,Bifidobacterium_adolescentis,Viruses;Duplodnaviria;Heunggongvirae;Uroviricota;Caudoviricetes
phage-species-5,StrainAtlasProphage_046_Contig_11_1,StrainAtlasProphage_046,11,0,36000,36000,Bifidobacterium_adolescentis,Viruses;Duplodnaviria;Heunggongvirae;Uroviricota;Caudoviricetes
phage-species-5,StrainAtlasProphage_047_Contig_4_1,StrainAtlasProphage_047,4,11000,49000,38000,Bifidobacterium_adolescentis,Viruses;Duplodnaviria;Heunggongvirae;Uroviricota;Caudoviricetes
phage-species-2,StrainAtlasProphage_048_Contig_0_1,StrainAtlasProphage_048,0,279000,318000,39000,Bifidobacterium_adolescentis,Viruses;Duplodnaviria;Heunggongvirae;Uroviricota;Caudoviricetes
phage-species-10,StrainAtlasProphage_053_Contig_9_1,StrainAtlasProphage_053,9,0,61000,61000,Bifidobacterium_adolescentis,Viruses;Duplodnaviria;Heunggongvirae;Uroviricota;Caudoviricetes
phage-species-123,StrainAtlasProphage_054_Contig_9_1,StrainAtlasProphage_054,9,0,37000,37000,Bifidobacterium_adolescentis,Viruses;Duplodnaviria;Heunggongvirae;Uroviricota;Caudoviricetes
phage-species-5,StrainAtlasProphage_056_Contig_1_1,StrainAtlasProphage_056,1,352000,390000,38000,Bifidobacterium_adolescentis,Viruses;Duplodnaviria;Heunggongvirae;Uroviricota;Caudoviricetes
phage-species-2,StrainAtlasProphage_061_Contig_1_1,StrainAtlasProphage_061,1,696000,736000,40000,Bifidobacterium_adolescentis,Viruses;Duplodnaviria;Heunggongvirae;Uroviricota;Caudoviricetes
phage-species-100,StrainAtlasProphage_061_Contig_2_2,StrainAtlasProphage_061,2,0,221000,221000,Bifidobacterium_adolescentis,Viruses;Duplodnaviria;Heunggongvirae;Uroviricota;Caudoviricetes
phage-species-92,StrainAtlasProphage_063_Contig_2_1,StrainAtlasProphage_063,2,57000,97000,40000,Bifidobacterium_adolescentis,Viruses;Duplodnaviria;Heunggongvirae;Uroviricota;Caudoviricetes
phage-species-115,StrainAtlasProphage_067_Contig_6_1,StrainAtlasProphage_067,6,5000,48000,43000,Bifidobacterium_adolescentis,Viruses;Duplodnaviria;Heunggongvirae;Uroviricota;Caudoviricetes
phage-species-102,StrainAtlasProphage_069_Contig_0_1,StrainAtlasProphage_069,0,834000,1004000,170000,Bifidobacterium_adolescentis,Viruses;Duplodnaviria;Heunggongvirae;Uroviricota;Caudoviricetes
phage-species-138,StrainAtlasProphage_070_Contig_4_1,StrainAtlasProphage_070,4,24000,88000,64000,Bifidobacterium_adolescentis,Viruses;Duplodnaviria;Heunggongvirae;Uroviricota;Caudoviricetes
phage-species-10,StrainAtlasProphage_072_Contig_1_1,StrainAtlasProphage_072,1,264000,325000,61000,Bifidobacterium_adolescentis,Viruses;Duplodnaviria;Heunggongvirae;Uroviricota;Caudoviricetes
phage-species-1,StrainAtlasProphage_079_Contig_0_1,StrainAtlasProphage_079,0,940000,977000,37000,Bifidobacterium_adolescentis,Viruses;Duplodnaviria;Heunggongvirae;Uroviricota;Caudoviricetes
phage-species-5,StrainAtlasProphage_082_Contig_1_1,StrainAtlasProphage_082,1,116000,153000,37000,Bifidobacterium_adolescentis,Viruses;Duplodnaviria;Heunggongvirae;Uroviricota;Caudoviricetes
phage-species-5,StrainAtlasProphage_083_Contig_0_1,StrainAtlasProphage_083,0,93000,131000,38000,Bifidobacterium_adolescentis,Viruses;Duplodnaviria;Heunggongvirae;Uroviricota;Caudoviricetes
phage-species-79,StrainAtlasProphage_083_Contig_10_3,StrainAtlasProphage_083,10,0,16000,16000,Bifidobacterium_adolescentis,Viruses;Duplodnaviria;Heunggongvirae;Uroviricota;Caudoviricetes
phage-species-108,StrainAtlasProphage_083_Contig_8_2,StrainAtlasProphage_083,8,0,27000,27000,Bifidobacterium_adolescentis,Viruses;Duplodnaviria;Heunggongvirae;Uroviricota;Caudoviricetes
phage-species-5,StrainAtlasProphage_084_Contig_2_1,StrainAtlasProphage_084,2,156000,194000,38000,Bifidobacterium_adolescentis,Viruses;Duplodnaviria;Heunggongvirae;Uroviricota;Caudoviricetes
phage-species-135,StrainAtlasProphage_088_Contig_12_2,StrainAtlasProphage_088,12,22000,66000,44000,Alistipes_shahii,Viruses;Duplodnaviria;Heunggongvirae;Uroviricota;Caudoviricetes
phage-species-71,StrainAtlasProphage_088_Contig_7_1,StrainAtlasProphage_088,7,84000,123000,39000,Alistipes_shahii,Viruses;Duplodnaviria;Heunggongvirae;Uroviricota;Caudoviricetes
phage-species-131,StrainAtlasProphage_097_Contig_11_1,StrainAtlasProphage_097,11,13000,58000,45000,Bacillus_J_thermoamylovorans,Viruses;Duplodnaviria;Heunggongvirae;Uroviricota;Caudoviricetes
phage-species-133,StrainAtlasProphage_099_Contig_53_5,StrainAtlasProphage_099,53,0,27000,27000,Eggerthella_lenta,Viruses;Duplodnaviria;Heunggongvirae;Uroviricota;Caudoviricetes
phage-species-129,StrainAtlasProphage_099_Contig_8_2,StrainAtlasProphage_099,8,0,30000,30000,Eggerthella_lenta,Viruses;Duplodnaviria;Heunggongvirae;Uroviricota;Caudoviricetes
phage-species-116,StrainAtlasProphage_100_Contig_35_1,StrainAtlasProphage_100,35,0,29000,29000,Escherichia_coli,Viruses;Duplodnaviria;Heunggongvirae;Uroviricota;Caudoviricetes
phage-species-106,StrainAtlasProphage_100_Contig_52_2,StrainAtlasProphage_100,52,0,11000,11000,Escherichia_coli,Viruses;Duplodnaviria;Heunggongvirae;Uroviricota;Caudoviricetes
phage-species-81,StrainAtlasProphage_104_Contig_38_1,StrainAtlasProphage_104,38,0,21000,21000,Enterococcus_B_faecium,Viruses;Duplodnaviria;Heunggongvirae;Uroviricota;Caudoviricetes
phage-species-113,StrainAtlasProphage_104_Contig_45_2,StrainAtlasProphage_104,45,0,16000,16000,Enterococcus_B_faecium,Viruses;Duplodnaviria;Heunggongvirae;Uroviricota;Caudoviricetes
phage-species-127,StrainAtlasProphage_105_Contig_1_1,StrainAtlasProphage_105,1,136000,168000,32000,Enterococcus_B_lactis,Viruses;Duplodnaviria;Heunggongvirae;Uroviricota;Caudoviricetes
phage-species-125,StrainAtlasProphage_107_Contig_22_1,StrainAtlasProphage_107,22,11000,29000,18000,Citrobacter_freundii,Viruses;Duplodnaviria;Heunggongvirae;Uroviricota;Caudoviricetes
phage-species-80,StrainAtlasProphage_107_Contig_28_2,StrainAtlasProphage_107,28,0,20000,20000,Citrobacter_freundii,Viruses;Duplodnaviria;Heunggongvirae;Uroviricota;Caudoviricetes
phage-species-119,StrainAtlasProphage_115_Contig_1_1,StrainAtlasProphage_115,1,156000,178000,22000,Desulfovibrio_sp900243745,Viruses;Duplodnaviria;Heunggongvirae;Uroviricota;Caudoviricetes
phage-species-57,StrainAtlasProphage_115_Contig_7_2,StrainAtlasProphage_115,7,55000,98000,43000,Desulfovibrio_sp900243745,Viruses;Duplodnaviria;Heunggongvirae;Uroviricota;Caudoviricetes
phage-species-130,StrainAtlasProphage_118_Contig_0_1,StrainAtlasProphage_118,0,894000,926000,32000,Bifidobacterium_adolescentis,Viruses;Duplodnaviria;Heunggongvirae;Uroviricota;Caudoviricetes
phage-species-85,StrainAtlasProphage_144_Contig_8_2,StrainAtlasProphage_144,8,0,107000,107000,Streptococcus_salivarius,Viruses;Duplodnaviria;Heunggongvirae;Uroviricota;Caudoviricetes
phage-species-117,StrainAtlasProphage_147_Contig_14_2,StrainAtlasProphage_147,14,7000,46000,39000,Parabacteroides_merdae,Viruses;Duplodnaviria;Heunggongvirae;Uroviricota;Caudoviricetes
phage-species-3,StrainAtlasProphage_147_Contig_14_3,StrainAtlasProphage_147,14,97000,138000,41000,Parabacteroides_merdae,Viruses;Duplodnaviria;Heunggongvirae;Uroviricota;Caudoviricetes
phage-species-75,StrainAtlasProphage_147_Contig_33_4,StrainAtlasProphage_147,33,0,46000,46000,Parabacteroides_merdae,Viruses;Duplodnaviria;Heunggongvirae;Uroviricota;Caudoviricetes
phage-species-98,StrainAtlasProphage_148_Contig_2_1,StrainAtlasProphage_148,2,53000,92000,39000,Escherichia_fergusonii,Viruses;Duplodnaviria;Heunggongvirae;Uroviricota;Caudoviricetes
phage-species-109,StrainAtlasProphage_154_Contig_13_1,StrainAtlasProphage_154,13,0,19000,19000,Bifidobacterium_adolescentis,Viruses;Duplodnaviria;Heunggongvirae;Uroviricota;Caudoviricetes
phage-species-124,StrainAtlasProphage_161_Contig_11_1,StrainAtlasProphage_161,11,1000,30000,29000,Bifidobacterium_adolescentis,Viruses;Duplodnaviria;Heunggongvirae;Uroviricota;Caudoviricetes
phage-species-14,StrainAtlasProphage_163_Contig_7_1,StrainAtlasProphage_163,7,0,119000,119000,Parabacteroides_merdae,Viruses;Duplodnaviria;Heunggongvirae;Uroviricota;Caudoviricetes
phage-species-34,StrainAtlasProphage_165_Contig_2_1,StrainAtlasProphage_165,2,95000,141000,46000,Streptococcus_salivarius,Viruses;Duplodnaviria;Heunggongvirae;Uroviricota;Caudoviricetes
phage-species-111,StrainAtlasProphage_166_Contig_1_1,StrainAtlasProphage_166,1,307000,340000,33000,Bifidobacterium_longum,Viruses;Duplodnaviria;Heunggongvirae;Uroviricota;Caudoviricetes
phage-species-24,StrainAtlasProphage_177_Contig_6_1,StrainAtlasProphage_177,6,184000,255000,71000,Bacteroides_uniformis,Viruses;Duplodnaviria;Heunggongvirae;Uroviricota;Caudoviricetes
phage-species-4,StrainAtlasProphage_179_Contig_22_2,StrainAtlasProphage_179,22,52000,76000,24000,Bacteroides_uniformis,Viruses;Duplodnaviria;Heunggongvirae;Uroviricota;Caudoviricetes
phage-species-29,StrainAtlasProphage_179_Contig_7_1,StrainAtlasProphage_179,7,103000,170000,67000,Bacteroides_uniformis,Viruses;Duplodnaviria;Heunggongvirae;Uroviricota;Caudoviricetes
phage-species-53,StrainAtlasProphage_187_Contig_1_1,StrainAtlasProphage_187,1,185000,225000,40000,Bacteroides_uniformis,Viruses;Duplodnaviria;Heunggongvirae;Uroviricota;Caudoviricetes
phage-species-26,StrainAtlasProphage_187_Contig_46_2,StrainAtlasProphage_187,46,2000,20000,18000,Bacteroides_uniformis,Viruses;Duplodnaviria;Heunggongvirae;Uroviricota;Caudoviricetes
phage-species-29,StrainAtlasProphage_188_Contig_8_1,StrainAtlasProphage_188,8,97000,170000,73000,Bacteroides_uniformis,Viruses;Duplodnaviria;Heunggongvirae;Uroviricota;Caudoviricetes
phage-species-34,StrainAtlasProphage_190_Contig_15_1,StrainAtlasProphage_190,15,0,46000,46000,Streptococcus_salivarius,Viruses;Duplodnaviria;Heunggongvirae;Uroviricota;Caudoviricetes
phage-species-107,StrainAtlasProphage_192_Contig_4_1,StrainAtlasProphage_192,4,32000,68000,36000,Peptoniphilus_A_lacrimalis,Viruses;Duplodnaviria;Heunggongvirae;Uroviricota;Caudoviricetes
phage-species-5,StrainAtlasProphage_194_Contig_2_1,StrainAtlasProphage_194,2,244000,284000,40000,Bifidobacterium_adolescentis,Viruses;Duplodnaviria;Heunggongvirae;Uroviricota;Caudoviricetes
phage-species-27,StrainAtlasProphage_195_Contig_5_1,StrainAtlasProphage_195,5,33000,140000,107000,Bacteroides_uniformis,Viruses;Duplodnaviria;Heunggongvirae;Uroviricota;Caudoviricetes
phage-species-53,StrainAtlasProphage_196_Contig_1_1,StrainAtlasProphage_196,1,185000,225000,40000,Bacteroides_uniformis,Viruses;Duplodnaviria;Heunggongvirae;Uroviricota;Caudoviricetes
phage-species-26,StrainAtlasProphage_196_Contig_41_3,StrainAtlasProphage_196,41,0,24000,24000,Bacteroides_uniformis,Viruses;Duplodnaviria;Heunggongvirae;Uroviricota;Caudoviricetes
phage-species-51,StrainAtlasProphage_196_Contig_8_2,StrainAtlasProphage_196,8,176000,193000,17000,Bacteroides_uniformis,Viruses;Duplodnaviria;Heunggongvirae;Uroviricota;Caudoviricetes
phage-species-76,StrainAtlasProphage_197_Contig_1_1,StrainAtlasProphage_197,1,658000,702000,44000,Bacteroides_caccae,Viruses;Duplodnaviria;Heunggongvirae;Uroviricota;Caudoviricetes
phage-species-96,StrainAtlasProphage_205_Contig_42_2,StrainAtlasProphage_205,42,1000,19000,18000,Escherichia_coli,Viruses;Duplodnaviria;Heunggongvirae;Uroviricota;Caudoviricetes
phage-species-90,StrainAtlasProphage_205_Contig_6_1,StrainAtlasProphage_205,6,151000,177000,26000,Escherichia_coli,Viruses;Duplodnaviria;Heunggongvirae;Uroviricota;Caudoviricetes
phage-species-103,StrainAtlasProphage_206_Contig_14_1,StrainAtlasProphage_206,14,0,38000,38000,Enterococcus_D_casseliflavus,Viruses;Duplodnaviria;Heunggongvirae;Uroviricota;Caudoviricetes
phage-species-33,StrainAtlasProphage_207_Contig_1_1,StrainAtlasProphage_207,1,474000,489000,15000,Lacticaseibacillus_rhamnosus,Viruses;Duplodnaviria;Heunggongvirae;Uroviricota;Caudoviricetes
phage-species-32,StrainAtlasProphage_207_Contig_1_2,StrainAtlasProphage_207,1,628000,698000,70000,Lacticaseibacillus_rhamnosus,Viruses;Duplodnaviria;Heunggongvirae;Uroviricota;Caudoviricetes
phage-species-61,StrainAtlasProphage_208_Contig_8_1,StrainAtlasProphage_208,8,259000,344000,85000,Bacteroides_thetaiotaomicron,Viruses;Duplodnaviria;Heunggongvirae;Uroviricota;Caudoviricetes
phage-species-100,StrainAtlasProphage_211_Contig_3_1,StrainAtlasProphage_211,3,0,221000,221000,Bifidobacterium_adolescentis,Viruses;Duplodnaviria;Heunggongvirae;Uroviricota;Caudoviricetes
phage-species-5,StrainAtlasProphage_213_Contig_2_1,StrainAtlasProphage_213,2,88000,128000,40000,Bifidobacterium_adolescentis,Viruses;Duplodnaviria;Heunggongvirae;Uroviricota;Caudoviricetes
phage-species-126,StrainAtlasProphage_215_Contig_61_2,StrainAtlasProphage_215,61,0,24000,24000,Bacteroides_uniformis,Viruses;Duplodnaviria;Heunggongvirae;Uroviricota;Caudoviricetes
phage-species-27,StrainAtlasProphage_215_Contig_8_1,StrainAtlasProphage_215,8,0,52000,52000,Bacteroides_uniformis,Viruses;Duplodnaviria;Heunggongvirae;Uroviricota;Caudoviricetes
phage-species-53,StrainAtlasProphage_217_Contig_1_1,StrainAtlasProphage_217,1,68000,106000,38000,Bacteroides_uniformis,Viruses;Duplodnaviria;Heunggongvirae;Uroviricota;Caudoviricetes
phage-species-118,StrainAtlasProphage_218_Contig_12_4,StrainAtlasProphage_218,12,0,23000,23000,Escherichia_coli,Viruses;Duplodnaviria;Heunggongvirae;Uroviricota;Caudoviricetes
phage-species-86,StrainAtlasProphage_218_Contig_18_6,StrainAtlasProphage_218,18,22000,89000,67000,Escherichia_coli,Viruses;Duplodnaviria;Heunggongvirae;Uroviricota;Caudoviricetes
phage-species-97,StrainAtlasProphage_218_Contig_30_7,StrainAtlasProphage_218,30,0,14000,14000,Escherichia_coli,Viruses;Duplodnaviria;Heunggongvirae;Uroviricota;Caudoviricetes
phage-species-74,StrainAtlasProphage_218_Contig_31_8,StrainAtlasProphage_218,31,0,12000,12000,Escherichia_coli,Viruses;Duplodnaviria;Heunggongvirae;Uroviricota;Caudoviricetes
phage-species-114,StrainAtlasProphage_218_Contig_34_9,StrainAtlasProphage_218,34,0,11000,11000,Escherichia_coli,Viruses;Duplodnaviria;Heunggongvirae;Uroviricota;Caudoviricetes
phage-species-73,StrainAtlasProphage_218_Contig_5_1,StrainAtlasProphage_218,5,316000,331000,15000,Escherichia_coli,Viruses;Duplodnaviria;Heunggongvirae;Uroviricota;Caudoviricetes
phage-species-140,StrainAtlasProphage_218_Contig_6_2,StrainAtlasProphage_218,6,0,262000,262000,Escherichia_coli,Viruses;Duplodnaviria;Heunggongvirae;Uroviricota;Caudoviricetes
phage-species-121,StrainAtlasProphage_218_Contig_9_3,StrainAtlasProphage_218,9,0,29000,29000,Escherichia_coli,Viruses;Duplodnaviria;Heunggongvirae;Uroviricota;Caudoviricetes
phage-species-120,StrainAtlasProphage_226_Contig_31_1,StrainAtlasProphage_226,31,11000,31000,20000,Escherichia_coli,Viruses;Duplodnaviria;Heunggongvirae;Uroviricota;Caudoviricetes
phage-species-5,StrainAtlasProphage_228_Contig_1_1,StrainAtlasProphage_228,1,232000,272000,40000,Bifidobacterium_adolescentis,Viruses;Duplodnaviria;Heunggongvirae;Uroviricota;Caudoviricetes
phage-species-25,StrainAtlasProphage_229_Contig_48_1,StrainAtlasProphage_229,48,7000,34000,27000,Bacteroides_uniformis,Viruses;Duplodnaviria;Heunggongvirae;Uroviricota;Caudoviricetes
phage-species-0,StrainAtlasProphage_229_Contig_61_2,StrainAtlasProphage_229,61,0,19000,19000,Bacteroides_uniformis,Viruses;Duplodnaviria;Heunggongvirae;Uroviricota;Caudoviricetes
phage-species-29,StrainAtlasProphage_230_Contig_20_1,StrainAtlasProphage_230,20,0,61000,61000,Bacteroides_uniformis,Viruses;Duplodnaviria;Heunggongvirae;Uroviricota;Caudoviricetes
phage-species-8,StrainAtlasProphage_234_Contig_25_1,StrainAtlasProphage_234,25,36000,73000,37000,Bacteroides_uniformis,Viruses;Duplodnaviria;Heunggongvirae;Uroviricota;Caudoviricetes
phage-species-4,StrainAtlasProphage_240_Contig_44_2,StrainAtlasProphage_240,44,0,24000,24000,Bacteroides_uniformis,Viruses;Duplodnaviria;Heunggongvirae;Uroviricota;Caudoviricetes
phage-species-30,StrainAtlasProphage_241_Contig_20_1,StrainAtlasProphage_241,20,0,33000,33000,Bacteroides_uniformis,Viruses;Duplodnaviria;Heunggongvirae;Uroviricota;Caudoviricetes
phage-species-104,StrainAtlasProphage_241_Contig_37_2,StrainAtlasProphage_241,37,0,15000,15000,Bacteroides_uniformis,Viruses;Duplodnaviria;Heunggongvirae;Uroviricota;Caudoviricetes
phage-species-24,StrainAtlasProphage_243_Contig_1_1,StrainAtlasProphage_243,1,510000,581000,71000,Bacteroides_uniformis,Viruses;Duplodnaviria;Heunggongvirae;Uroviricota;Caudoviricetes
phage-species-12,StrainAtlasProphage_243_Contig_6_2,StrainAtlasProphage_243,6,75000,140000,65000,Bacteroides_uniformis,Viruses;Duplodnaviria;Heunggongvirae;Uroviricota;Caudoviricetes
phage-species-8,StrainAtlasProphage_245_Contig_16_1,StrainAtlasProphage_245,16,60000,100000,40000,Bacteroides_uniformis,Viruses;Duplodnaviria;Heunggongvirae;Uroviricota;Caudoviricetes
phage-species-7,StrainAtlasProphage_247_Contig_27_3,StrainAtlasProphage_247,27,1000,40000,39000,Bacteroides_uniformis,Viruses;Duplodnaviria;Heunggongvirae;Uroviricota;Caudoviricetes
phage-species-12,StrainAtlasProphage_247_Contig_30_4,StrainAtlasProphage_247,30,0,29000,29000,Bacteroides_uniformis,Viruses;Duplodnaviria;Heunggongvirae;Uroviricota;Caudoviricetes
phage-species-36,StrainAtlasProphage_247_Contig_32_5,StrainAtlasProphage_247,32,0,18000,18000,Bacteroides_uniformis,Viruses;Duplodnaviria;Heunggongvirae;Uroviricota;Caudoviricetes
phage-species-49,StrainAtlasProphage_247_Contig_34_6,StrainAtlasProphage_247,34,0,15000,15000,Bacteroides_uniformis,Viruses;Duplodnaviria;Heunggongvirae;Uroviricota;Caudoviricetes
phage-species-24,StrainAtlasProphage_249_Contig_14_1,StrainAtlasProphage_249,14,0,72000,72000,Bacteroides_uniformis,Viruses;Duplodnaviria;Heunggongvirae;Uroviricota;Caudoviricetes
phage-species-91,StrainAtlasProphage_249_Contig_18_2,StrainAtlasProphage_249,18,0,24000,24000,Bacteroides_uniformis,Viruses;Duplodnaviria;Heunggongvirae;Uroviricota;Caudoviricetes
phage-species-87,StrainAtlasProphage_250_Contig_4_2,StrainAtlasProphage_250,4,84000,121000,37000,Bacteroides_uniformis,Viruses;Duplodnaviria;Heunggongvirae;Uroviricota;Caudoviricetes
phage-species-136,StrainAtlasProphage_254_Contig_2_2,StrainAtlasProphage_254,2,398000,477000,79000,Bacteroides_uniformis,Viruses;Duplodnaviria;Heunggongvirae;Uroviricota;Caudoviricetes
phage-species-7,StrainAtlasProphage_254_Contig_3_3,StrainAtlasProphage_254,3,0,39000,39000,Bacteroides_uniformis,Viruses;Duplodnaviria;Heunggongvirae;Uroviricota;Caudoviricetes
phage-species-105,StrainAtlasProphage_256_Contig_1_1,StrainAtlasProphage_256,1,353000,395000,42000,Bacteroides_uniformis,Viruses;Duplodnaviria;Heunggongvirae;Uroviricota;Caudoviricetes
phage-species-122,StrainAtlasProphage_258_Contig_27_1,StrainAtlasProphage_258,27,0,35000,35000,Bacteroides_uniformis,Viruses;Duplodnaviria;Heunggongvirae;Uroviricota;Caudoviricetes
phage-species-26,StrainAtlasProphage_258_Contig_31_2,StrainAtlasProphage_258,31,0,15000,15000,Bacteroides_uniformis,Viruses;Duplodnaviria;Heunggongvirae;Uroviricota;Caudoviricetes
phage-species-60,StrainAtlasProphage_259_Contig_1_1,StrainAtlasProphage_259,1,0,92000,92000,Bacteroides_uniformis,Viruses;Duplodnaviria;Heunggongvirae;Uroviricota;Caudoviricetes
phage-species-65,StrainAtlasProphage_259_Contig_30_3,StrainAtlasProphage_259,30,0,29000,29000,Bacteroides_uniformis,Viruses;Duplodnaviria;Heunggongvirae;Uroviricota;Caudoviricetes
phage-species-12,StrainAtlasProphage_260_Contig_7_1,StrainAtlasProphage_260,7,0,43000,43000,Bacteroides_uniformis,Viruses;Duplodnaviria;Heunggongvirae;Uroviricota;Caudoviricetes
phage-species-110,StrainAtlasProphage_269_Contig_24_1,StrainAtlasProphage_269,24,0,45000,45000,Bacteroides_uniformis,Viruses;Duplodnaviria;Heunggongvirae;Uroviricota;Caudoviricetes
phage-species-66,StrainAtlasProphage_269_Contig_26_2,StrainAtlasProphage_269,26,50000,69000,19000,Bacteroides_uniformis,Viruses;Duplodnaviria;Heunggongvirae;Uroviricota;Caudoviricetes
phage-species-7,StrainAtlasProphage_271_Contig_20_1,StrainAtlasProphage_271,20,0,38000,38000,Bacteroides_uniformis,Viruses;Duplodnaviria;Heunggongvirae;Uroviricota;Caudoviricetes
phage-species-4,StrainAtlasProphage_275_Contig_5_1,StrainAtlasProphage_275,5,153000,187000,34000,Bacteroides_uniformis,Viruses;Duplodnaviria;Heunggongvirae;Uroviricota;Caudoviricetes
phage-species-15,StrainAtlasProphage_277_Contig_1_1,StrainAtlasProphage_277,1,303000,365000,62000,Bacteroides_uniformis,Viruses;Duplodnaviria;Heunggongvirae;Uroviricota;Caudoviricetes
phage-species-7,StrainAtlasProphage_278_Contig_10_1,StrainAtlasProphage_278,10,0,33000,33000,Bacteroides_uniformis,Viruses;Duplodnaviria;Heunggongvirae;Uroviricota;Caudoviricetes
phage-species-24,StrainAtlasProphage_278_Contig_22_2,StrainAtlasProphage_278,22,0,72000,72000,Bacteroides_uniformis,Viruses;Duplodnaviria;Heunggongvirae;Uroviricota;Caudoviricetes
phage-species-15,StrainAtlasProphage_279_Contig_1_1,StrainAtlasProphage_279,1,187000,240000,53000,Bacteroides_uniformis,Viruses;Duplodnaviria;Heunggongvirae;Uroviricota;Caudoviricetes
phage-species-24,StrainAtlasProphage_279_Contig_15_3,StrainAtlasProphage_279,15,60000,107000,47000,Bacteroides_uniformis,Viruses;Duplodnaviria;Heunggongvirae;Uroviricota;Caudoviricetes
phage-species-54,StrainAtlasProphage_279_Contig_6_2,StrainAtlasProphage_279,6,0,24000,24000,Bacteroides_uniformis,Viruses;Duplodnaviria;Heunggongvirae;Uroviricota;Caudoviricetes
phage-species-29,StrainAtlasProphage_280_Contig_33_2,StrainAtlasProphage_280,33,0,52000,52000,Bacteroides_uniformis,Viruses;Duplodnaviria;Heunggongvirae;Uroviricota;Caudoviricetes
phage-species-137,StrainAtlasProphage_282_Contig_30_2,StrainAtlasProphage_282,30,0,63000,63000,Bacteroides_uniformis,Viruses;Duplodnaviria;Heunggongvirae;Uroviricota;Caudoviricetes
phage-species-49,StrainAtlasProphage_282_Contig_45_4,StrainAtlasProphage_282,45,9000,22000,13000,Bacteroides_uniformis,Viruses;Duplodnaviria;Heunggongvirae;Uroviricota;Caudoviricetes
phage-species-8,StrainAtlasProphage_282_Contig_6_1,StrainAtlasProphage_282,6,83000,122000,39000,Bacteroides_uniformis,Viruses;Duplodnaviria;Heunggongvirae;Uroviricota;Caudoviricetes
phage-species-24,StrainAtlasProphage_283_Contig_1_1,StrainAtlasProphage_283,1,188000,258000,70000,Bacteroides_uniformis,Viruses;Duplodnaviria;Heunggongvirae;Uroviricota;Caudoviricetes
phage-species-134,StrainAtlasProphage_283_Contig_27_2,StrainAtlasProphage_283,27,0,32000,32000,Bacteroides_uniformis,Viruses;Duplodnaviria;Heunggongvirae;Uroviricota;Caudoviricetes
phage-species-84,StrainAtlasProphage_283_Contig_28_3,StrainAtlasProphage_283,28,0,34000,34000,Bacteroides_uniformis,Viruses;Duplodnaviria;Heunggongvirae;Uroviricota;Caudoviricetes
phage-species-24,StrainAtlasProphage_284_Contig_0_1,StrainAtlasProphage_284,0,156000,229000,73000,Bacteroides_uniformis,Viruses;Duplodnaviria;Heunggongvirae;Uroviricota;Caudoviricetes
phage-species-29,StrainAtlasProphage_284_Contig_13_2,StrainAtlasProphage_284,13,0,57000,57000,Bacteroides_uniformis,Viruses;Duplodnaviria;Heunggongvirae;Uroviricota;Caudoviricetes
phage-species-53,StrainAtlasProphage_288_Contig_0_1,StrainAtlasProphage_288,0,185000,225000,40000,Bacteroides_uniformis,Viruses;Duplodnaviria;Heunggongvirae;Uroviricota;Caudoviricetes
phage-species-51,StrainAtlasProphage_288_Contig_28_2,StrainAtlasProphage_288,28,0,13000,13000,Bacteroides_uniformis,Viruses;Duplodnaviria;Heunggongvirae;Uroviricota;Caudoviricetes
phage-species-26,StrainAtlasProphage_288_Contig_52_4,StrainAtlasProphage_288,52,0,21000,21000,Bacteroides_uniformis,Viruses;Duplodnaviria;Heunggongvirae;Uroviricota;Caudoviricetes
phage-species-6,StrainAtlasProphage_290_Contig_23_1,StrainAtlasProphage_290,23,5000,73000,68000,Bacteroides_uniformis,Viruses;Duplodnaviria;Heunggongvirae;Uroviricota;Caudoviricetes
phage-species-4,StrainAtlasProphage_292_Contig_15_2,StrainAtlasProphage_292,15,60000,90000,30000,Bacteroides_uniformis,Viruses;Duplodnaviria;Heunggongvirae;Uroviricota;Caudoviricetes
phage-species-6,StrainAtlasProphage_293_Contig_0_1,StrainAtlasProphage_293,0,272000,334000,62000,Bacteroides_uniformis,Viruses;Duplodnaviria;Heunggongvirae;Uroviricota;Caudoviricetes
phage-species-24,StrainAtlasProphage_295_Contig_5_1,StrainAtlasProphage_295,5,25000,122000,97000,Bacteroides_uniformis,Viruses;Duplodnaviria;Heunggongvirae;Uroviricota;Caudoviricetes
phage-species-7,StrainAtlasProphage_296_Contig_17_1,StrainAtlasProphage_296,17,0,38000,38000,Bacteroides_uniformis,Viruses;Duplodnaviria;Heunggongvirae;Uroviricota;Caudoviricetes
phage-species-8,StrainAtlasProphage_297_Contig_19_3,StrainAtlasProphage_297,19,57000,96000,39000,Bacteroides_uniformis,Viruses;Duplodnaviria;Heunggongvirae;Uroviricota;Caudoviricetes
phage-species-0,StrainAtlasProphage_297_Contig_26_4,StrainAtlasProphage_297,26,0,25000,25000,Bacteroides_uniformis,Viruses;Duplodnaviria;Heunggongvirae;Uroviricota;Caudoviricetes
phage-species-24,StrainAtlasProphage_297_Contig_28_5,StrainAtlasProphage_297,28,0,39000,39000,Bacteroides_uniformis,Viruses;Duplodnaviria;Heunggongvirae;Uroviricota;Caudoviricetes
phage-species-54,StrainAtlasProphage_297_Contig_32_6,StrainAtlasProphage_297,32,0,29000,29000,Bacteroides_uniformis,Viruses;Duplodnaviria;Heunggongvirae;Uroviricota;Caudoviricetes
phage-species-25,StrainAtlasProphage_297_Contig_8_2,StrainAtlasProphage_297,8,159000,192000,33000,Bacteroides_uniformis,Viruses;Duplodnaviria;Heunggongvirae;Uroviricota;Caudoviricetes
phage-species-53,StrainAtlasProphage_300_Contig_2_2,StrainAtlasProphage_300,2,186000,225000,39000,Bacteroides_uniformis,Viruses;Duplodnaviria;Heunggongvirae;Uroviricota;Caudoviricetes
phage-species-26,StrainAtlasProphage_300_Contig_41_5,StrainAtlasProphage_300,41,0,24000,24000,Bacteroides_uniformis,Viruses;Duplodnaviria;Heunggongvirae;Uroviricota;Caudoviricetes
phage-species-51,StrainAtlasProphage_300_Contig_9_3,StrainAtlasProphage_300,9,0,12000,12000,Bacteroides_uniformis,Viruses;Duplodnaviria;Heunggongvirae;Uroviricota;Caudoviricetes
phage-species-48,StrainAtlasProphage_301_Contig_5_1,StrainAtlasProphage_301,5,5000,76000,71000,Parabacteroides_goldsteinii,Viruses;Duplodnaviria;Heunggongvirae;Uroviricota;Caudoviricetes
phage-species-72,StrainAtlasProphage_309_Contig_15_1,StrainAtlasProphage_309,15,0,44000,44000,Phocaeicola_dorei,Viruses;Duplodnaviria;Heunggongvirae;Uroviricota;Caudoviricetes
phage-species-4,StrainAtlasProphage_311_Contig_3_1,StrainAtlasProphage_311,3,168000,187000,19000,Bacteroides_uniformis,Viruses;Duplodnaviria;Heunggongvirae;Uroviricota;Caudoviricetes
phage-species-14,StrainAtlasProphage_313_Contig_15_2,StrainAtlasProphage_313,15,48000,106000,58000,Parabacteroides_merdae,Viruses;Duplodnaviria;Heunggongvirae;Uroviricota;Caudoviricetes
phage-species-21,StrainAtlasProphage_313_Contig_2_1,StrainAtlasProphage_313,2,319000,330000,11000,Parabacteroides_merdae,Viruses;Duplodnaviria;Heunggongvirae;Uroviricota;Caudoviricetes
phage-species-13,StrainAtlasProphage_315_Contig_10_1,StrainAtlasProphage_315,10,153000,214000,61000,Parabacteroides_distasonis,Viruses;Duplodnaviria;Heunggongvirae;Uroviricota;Caudoviricetes
phage-species-68,StrainAtlasProphage_316_Contig_31_2,StrainAtlasProphage_316,31,0,14000,14000,Bacteroides_cellulosilyticus,Viruses;Duplodnaviria;Heunggongvirae;Uroviricota;Caudoviricetes
phage-species-62,StrainAtlasProphage_316_Contig_8_1,StrainAtlasProphage_316,8,0,20000,20000,Bacteroides_cellulosilyticus,Viruses;Duplodnaviria;Heunggongvirae;Uroviricota;Caudoviricetes
phage-species-14,StrainAtlasProphage_317_Contig_0_1,StrainAtlasProphage_317,0,19000,181000,162000,Parabacteroides_merdae,Viruses;Duplodnaviria;Heunggongvirae;Uroviricota;Caudoviricetes
phage-species-94,StrainAtlasProphage_318_Contig_16_1,StrainAtlasProphage_318,16,0,14000,14000,Parabacteroides_goldsteinii,Viruses;Duplodnaviria;Heunggongvirae;Uroviricota;Caudoviricetes
phage-species-88,StrainAtlasProphage_318_Contig_16_2,StrainAtlasProphage_318,16,126000,156000,30000,Parabacteroides_goldsteinii,Viruses;Duplodnaviria;Heunggongvirae;Uroviricota;Caudoviricetes
phage-species-37,StrainAtlasProphage_318_Contig_17_3,StrainAtlasProphage_318,17,97000,139000,42000,Parabacteroides_goldsteinii,Viruses;Duplodnaviria;Heunggongvirae;Uroviricota;Caudoviricetes
phage-species-35,StrainAtlasProphage_318_Contig_29_4,StrainAtlasProphage_318,29,57000,78000,21000,Parabacteroides_goldsteinii,Viruses;Duplodnaviria;Heunggongvirae;Uroviricota;Caudoviricetes
phage-species-23,StrainAtlasProphage_319_Contig_7_3,StrainAtlasProphage_319,7,38000,95000,57000,Bacteroides_ovatus,Viruses;Duplodnaviria;Heunggongvirae;Uroviricota;Caudoviricetes
phage-species-29,StrainAtlasProphage_320_Contig_9_1,StrainAtlasProphage_320,9,75000,150000,75000,Bacteroides_uniformis,Viruses;Duplodnaviria;Heunggongvirae;Uroviricota;Caudoviricetes
phage-species-3,StrainAtlasProphage_321_Contig_1_1,StrainAtlasProphage_321,1,58000,120000,62000,Parabacteroides_merdae,Viruses;Duplodnaviria;Heunggongvirae;Uroviricota;Caudoviricetes
phage-species-13,StrainAtlasProphage_322_Contig_12_1,StrainAtlasProphage_322,12,56000,115000,59000,Parabacteroides_distasonis,Viruses;Duplodnaviria;Heunggongvirae;Uroviricota;Caudoviricetes
phage-species-93,StrainAtlasProphage_326_Contig_15_2,StrainAtlasProphage_326,15,51000,83000,32000,Bacteroides_ovatus,Viruses;Duplodnaviria;Heunggongvirae;Uroviricota;Caudoviricetes
phage-species-82,StrainAtlasProphage_326_Contig_2_1,StrainAtlasProphage_326,2,557000,581000,24000,Bacteroides_ovatus,Viruses;Duplodnaviria;Heunggongvirae;Uroviricota;Caudoviricetes
phage-species-23,StrainAtlasProphage_329_Contig_41_2,StrainAtlasProphage_329,41,0,58000,58000,Bacteroides_xylanisolvens,Viruses;Duplodnaviria;Heunggongvirae;Uroviricota;Caudoviricetes
phage-species-83,StrainAtlasProphage_329_Contig_8_1,StrainAtlasProphage_329,8,6000,45000,39000,Bacteroides_xylanisolvens,Viruses;Duplodnaviria;Heunggongvirae;Uroviricota;Caudoviricetes
phage-species-89,StrainAtlasProphage_334_Contig_1_1,StrainAtlasProphage_334,1,66000,106000,40000,Parabacteroides_distasonis,Viruses;Duplodnaviria;Heunggongvirae;Uroviricota;Caudoviricetes
phage-species-13,StrainAtlasProphage_339_Contig_4_1,StrainAtlasProphage_339,4,156000,215000,59000,Parabacteroides_distasonis,Viruses;Duplodnaviria;Heunggongvirae;Uroviricota;Caudoviricetes
phage-species-3,StrainAtlasProphage_341_Contig_14_1,StrainAtlasProphage_341,14,0,66000,66000,Parabacteroides_merdae,Viruses;Duplodnaviria;Heunggongvirae;Uroviricota;Caudoviricetes
phage-species-30,StrainAtlasProphage_342_Contig_18_1,StrainAtlasProphage_342,18,0,33000,33000,Bacteroides_uniformis,Viruses;Duplodnaviria;Heunggongvirae;Uroviricota;Caudoviricetes
phage-species-104,StrainAtlasProphage_342_Contig_32_2,StrainAtlasProphage_342,32,1000,15000,14000,Bacteroides_uniformis,Viruses;Duplodnaviria;Heunggongvirae;Uroviricota;Caudoviricetes
phage-species-31,StrainAtlasProphage_343_Contig_16_1,StrainAtlasProphage_343,16,36000,79000,43000,Bacteroides_thetaiotaomicron,Viruses;Duplodnaviria;Heunggongvirae;Uroviricota;Caudoviricetes
phage-species-3,StrainAtlasProphage_345_Contig_17_2,StrainAtlasProphage_345,17,33000,85000,52000,Parabacteroides_merdae,Viruses;Duplodnaviria;Heunggongvirae;Uroviricota;Caudoviricetes
phage-species-21,StrainAtlasProphage_345_Contig_5_1,StrainAtlasProphage_345,5,165000,178000,13000,Parabacteroides_merdae,Viruses;Duplodnaviria;Heunggongvirae;Uroviricota;Caudoviricetes
phage-species-31,StrainAtlasProphage_349_Contig_15_1,StrainAtlasProphage_349,15,53000,97000,44000,Phocaeicola_vulgatus,Viruses;Duplodnaviria;Heunggongvirae;Uroviricota;Caudoviricetes
phage-species-44,StrainAtlasProphage_350_Contig_9_1,StrainAtlasProphage_350,9,130000,161000,31000,Parabacteroides_merdae,Viruses;Duplodnaviria;Heunggongvirae;Uroviricota;Caudoviricetes
phage-species-24,StrainAtlasProphage_352_Contig_35_1,StrainAtlasProphage_352,35,0,41000,41000,Phocaeicola_vulgatus,Viruses;Duplodnaviria;Heunggongvirae;Uroviricota;Caudoviricetes
phage-species-54,StrainAtlasProphage_352_Contig_44_2,StrainAtlasProphage_352,44,0,31000,31000,Phocaeicola_vulgatus,Viruses;Duplodnaviria;Heunggongvirae;Uroviricota;Caudoviricetes
phage-species-40,StrainAtlasProphage_354_Contig_31_1,StrainAtlasProphage_354,31,29000,61000,32000,Bacteroides_intestinigallinarum,Viruses;Duplodnaviria;Heunggongvirae;Uroviricota;Caudoviricetes
phage-species-3,StrainAtlasProphage_356_Contig_17_1,StrainAtlasProphage_356,17,58000,100000,42000,Parabacteroides_merdae,Viruses;Duplodnaviria;Heunggongvirae;Uroviricota;Caudoviricetes
phage-species-77,StrainAtlasProphage_357_Contig_3_1,StrainAtlasProphage_357,3,233000,278000,45000,Bacteroides_cellulosilyticus,Viruses;Duplodnaviria;Heunggongvirae;Uroviricota;Caudoviricetes
phage-species-3,StrainAtlasProphage_358_Contig_3_1,StrainAtlasProphage_358,3,33000,95000,62000,Parabacteroides_merdae,Viruses;Duplodnaviria;Heunggongvirae;Uroviricota;Caudoviricetes
phage-species-110,StrainAtlasProphage_359_Contig_23_1,StrainAtlasProphage_359,23,0,45000,45000,Bacteroides_uniformis,Viruses;Duplodnaviria;Heunggongvirae;Uroviricota;Caudoviricetes
phage-species-66,StrainAtlasProphage_359_Contig_26_2,StrainAtlasProphage_359,26,50000,69000,19000,Bacteroides_uniformis,Viruses;Duplodnaviria;Heunggongvirae;Uroviricota;Caudoviricetes
phage-species-24,StrainAtlasProphage_361_Contig_9_2,StrainAtlasProphage_361,9,3000,136000,133000,Bacteroides_ovatus,Viruses;Duplodnaviria;Heunggongvirae;Uroviricota;Caudoviricetes
phage-species-31,StrainAtlasProphage_368_Contig_1_1,StrainAtlasProphage_368,1,488000,532000,44000,Bacteroides_cellulosilyticus,Viruses;Duplodnaviria;Heunggongvirae;Uroviricota;Caudoviricetes
phage-species-42,StrainAtlasProphage_370_Contig_33_2,StrainAtlasProphage_370,33,0,21000,21000,Lacticaseibacillus_paracasei,Viruses;Duplodnaviria;Heunggongvirae;Uroviricota;Caudoviricetes
phage-species-78,StrainAtlasProphage_370_Contig_34_3,StrainAtlasProphage_370,34,0,21000,21000,Lacticaseibacillus_paracasei,Viruses;Duplodnaviria;Heunggongvirae;Uroviricota;Caudoviricetes
phage-species-63,StrainAtlasProphage_371_Contig_43_1,StrainAtlasProphage_371,43,0,31000,31000,Enterococcus_A_avium,Viruses;Duplodnaviria;Heunggongvirae;Uroviricota;Caudoviricetes
phage-species-59,StrainAtlasProphage_371_Contig_87_2,StrainAtlasProphage_371,87,0,14000,14000,Enterococcus_A_avium,Viruses;Duplodnaviria;Heunggongvirae;Uroviricota;Caudoviricetes
phage-species-41,StrainAtlasProphage_373_Contig_0_1,StrainAtlasProphage_373,0,286000,318000,32000,Pediococcus_pentosaceus,Viruses;Duplodnaviria;Heunggongvirae;Uroviricota;Caudoviricetes
phage-species-46,StrainAtlasProphage_373_Contig_8_2,StrainAtlasProphage_373,8,9000,34000,25000,Pediococcus_pentosaceus,Viruses;Duplodnaviria;Heunggongvirae;Uroviricota;Caudoviricetes
phage-species-56,StrainAtlasProphage_375_Contig_20_1,StrainAtlasProphage_375,20,0,41000,41000,Lacticaseibacillus_rhamnosus,Viruses;Duplodnaviria;Heunggongvirae;Uroviricota;Caudoviricetes
phage-species-50,StrainAtlasProphage_379_Contig_11_1,StrainAtlasProphage_379,11,0,39000,39000,Pediococcus_acidilactici,Viruses;Duplodnaviria;Heunggongvirae;Uroviricota;Caudoviricetes
phage-species-5,StrainAtlasProphage_380_Contig_0_1,StrainAtlasProphage_380,0,530000,568000,38000,Bifidobacterium_pseudocatenulatum,Viruses;Duplodnaviria;Heunggongvirae;Uroviricota;Caudoviricetes
phage-species-39,StrainAtlasProphage_380_Contig_1_2,StrainAtlasProphage_380,1,102000,142000,40000,Bifidobacterium_pseudocatenulatum,Viruses;Duplodnaviria;Heunggongvirae;Uroviricota;Caudoviricetes
phage-species-32,StrainAtlasProphage_383_Contig_0_1,StrainAtlasProphage_383,0,0,60000,60000,Lacticaseibacillus_rhamnosus,Viruses;Duplodnaviria;Heunggongvirae;Uroviricota;Caudoviricetes
phage-species-33,StrainAtlasProphage_383_Contig_0_2,StrainAtlasProphage_383,0,208000,223000,15000,Lacticaseibacillus_rhamnosus,Viruses;Duplodnaviria;Heunggongvirae;Uroviricota;Caudoviricetes
phage-species-95,StrainAtlasProphage_384_Contig_19_1,StrainAtlasProphage_384,19,0,36000,36000,Ligilactobacillus_ruminis,Viruses;Duplodnaviria;Heunggongvirae;Uroviricota;Caudoviricetes
phage-species-11,StrainAtlasProphage_386_Contig_0_1,StrainAtlasProphage_386,0,270000,312000,42000,Pediococcus_acidilactici,Viruses;Duplodnaviria;Heunggongvirae;Uroviricota;Caudoviricetes
phage-species-38,StrainAtlasProphage_387_Contig_0_1,StrainAtlasProphage_387,0,528000,569000,41000,Bifidobacterium_catenulatum,Viruses;Duplodnaviria;Heunggongvirae;Uroviricota;Caudoviricetes
phage-species-52,StrainAtlasProphage_389_Contig_42_3,StrainAtlasProphage_389,42,1000,12000,11000,Limosilactobacillus_fermentum,Viruses;Duplodnaviria;Heunggongvirae;Uroviricota;Caudoviricetes
phage-species-47,StrainAtlasProphage_389_Contig_9_1,StrainAtlasProphage_389,9,0,51000,51000,Limosilactobacillus_fermentum,Viruses;Duplodnaviria;Heunggongvirae;Uroviricota;Caudoviricetes
phage-species-112,StrainAtlasProphage_390_Contig_0_1,StrainAtlasProphage_390,0,703000,744000,41000,Bifidobacterium_catenulatum,Viruses;Duplodnaviria;Heunggongvirae;Uroviricota;Caudoviricetes
phage-species-11,StrainAtlasProphage_391_Contig_0_1,StrainAtlasProphage_391,0,424000,481000,57000,Pediococcus_acidilactici,Viruses;Duplodnaviria;Heunggongvirae;Uroviricota;Caudoviricetes
phage-species-5,StrainAtlasProphage_398_Contig_2_1,StrainAtlasProphage_398,2,232000,270000,38000,Bifidobacterium_adolescentis,Viruses;Duplodnaviria;Heunggongvirae;Uroviricota;Caudoviricetes
phage-species-43,StrainAtlasProphage_400_Contig_0_1,StrainAtlasProphage_400,0,50000,89000,39000,Limosilactobacillus_fermentum,Viruses;Duplodnaviria;Heunggongvirae;Uroviricota;Caudoviricetes
phage-species-19,StrainAtlasProphage_401_Contig_28_1,StrainAtlasProphage_401,28,0,42000,42000,Lactiplantibacillus_plantarum,Viruses;Duplodnaviria;Heunggongvirae;Uroviricota;Caudoviricetes
phage-species-32,StrainAtlasProphage_403_Contig_1_1,StrainAtlasProphage_403,1,0,42000,42000,Lacticaseibacillus_rhamnosus,Viruses;Duplodnaviria;Heunggongvirae;Uroviricota;Caudoviricetes
phage-species-33,StrainAtlasProphage_403_Contig_1_2,StrainAtlasProphage_403,1,209000,223000,14000,Lacticaseibacillus_rhamnosus,Viruses;Duplodnaviria;Heunggongvirae;Uroviricota;Caudoviricetes
phage-species-18,StrainAtlasProphage_406_Contig_17_1,StrainAtlasProphage_406,17,0,24000,24000,Lacticaseibacillus_paracasei,Viruses;Duplodnaviria;Heunggongvirae;Uroviricota;Caudoviricetes
phage-species-45,StrainAtlasProphage_406_Contig_18_2,StrainAtlasProphage_406,18,0,21000,21000,Lacticaseibacillus_paracasei,Viruses;Duplodnaviria;Heunggongvirae;Uroviricota;Caudoviricetes
phage-species-58,StrainAtlasProphage_406_Contig_19_3,StrainAtlasProphage_406,19,0,18000,18000,Lacticaseibacillus_paracasei,Viruses;Duplodnaviria;Heunggongvirae;Uroviricota;Caudoviricetes
phage-species-32,StrainAtlasProphage_410_Contig_0_1,StrainAtlasProphage_410,0,0,48000,48000,Lacticaseibacillus_rhamnosus,Viruses;Duplodnaviria;Heunggongvirae;Uroviricota;Caudoviricetes
phage-species-33,StrainAtlasProphage_410_Contig_0_2,StrainAtlasProphage_410,0,209000,222000,13000,Lacticaseibacillus_rhamnosus,Viruses;Duplodnaviria;Heunggongvirae;Uroviricota;Caudoviricetes
phage-species-17,StrainAtlasProphage_418_Contig_3_1,StrainAtlasProphage_418,3,24000,64000,40000,Bifidobacterium_longum,Viruses;Duplodnaviria;Heunggongvirae;Uroviricota;Caudoviricetes
phage-species-32,StrainAtlasProphage_419_Contig_0_1,StrainAtlasProphage_419,0,0,63000,63000,Lacticaseibacillus_rhamnosus,Viruses;Duplodnaviria;Heunggongvirae;Uroviricota;Caudoviricetes
phage-species-33,StrainAtlasProphage_419_Contig_0_2,StrainAtlasProphage_419,0,208000,223000,15000,Lacticaseibacillus_rhamnosus,Viruses;Duplodnaviria;Heunggongvirae;Uroviricota;Caudoviricetes
phage-species-28,StrainAtlasProphage_421_Contig_10_1,StrainAtlasProphage_421,10,0,31000,31000,Ligilactobacillus_ruminis,Viruses;Duplodnaviria;Heunggongvirae;Uroviricota;Caudoviricetes
phage-species-69,StrainAtlasProphage_422_Contig_0_1,StrainAtlasProphage_422,0,464000,504000,40000,Bifidobacterium_pseudocatenulatum,Viruses;Duplodnaviria;Heunggongvirae;Uroviricota;Caudoviricetes
phage-species-67,StrainAtlasProphage_429_Contig_20_1,StrainAtlasProphage_429,20,0,46000,46000,Levilactobacillus_brevis,Viruses;Duplodnaviria;Heunggongvirae;Uroviricota;Caudoviricetes
phage-species-55,StrainAtlasProphage_429_Contig_29_2,StrainAtlasProphage_429,29,0,31000,31000,Levilactobacillus_brevis,Viruses;Duplodnaviria;Heunggongvirae;Uroviricota;Caudoviricetes
phage-species-22,StrainAtlasProphage_429_Contig_39_3,StrainAtlasProphage_429,39,0,19000,19000,Levilactobacillus_brevis,Viruses;Duplodnaviria;Heunggongvirae;Uroviricota;Caudoviricetes
phage-species-20,StrainAtlasProphage_429_Contig_47_4,StrainAtlasProphage_429,47,0,11000,11000,Levilactobacillus_brevis,Viruses;Duplodnaviria;Heunggongvirae;Uroviricota;Caudoviricetes
phage-species-32,StrainAtlasProphage_430_Contig_0_1,StrainAtlasProphage_430,0,0,56000,56000,Lacticaseibacillus_rhamnosus,Viruses;Duplodnaviria;Heunggongvirae;Uroviricota;Caudoviricetes
phage-species-33,StrainAtlasProphage_430_Contig_0_2,StrainAtlasProphage_430,0,209000,223000,14000,Lacticaseibacillus_rhamnosus,Viruses;Duplodnaviria;Heunggongvirae;Uroviricota;Caudoviricetes
phage-species-70,StrainAtlasProphage_432_Contig_2_1,StrainAtlasProphage_432,2,355000,391000,36000,Enterococcus_faecalis,Viruses;Duplodnaviria;Heunggongvirae;Uroviricota;Caudoviricetes
phage-species-9,StrainAtlasProphage_432_Contig_9_2,StrainAtlasProphage_432,9,0,41000,41000,Enterococcus_faecalis,Viruses;Duplodnaviria;Heunggongvirae;Uroviricota;Caudoviricetes
phage-species-32,StrainAtlasProphage_433_Contig_0_1,StrainAtlasProphage_433,0,0,54000,54000,Lacticaseibacillus_rhamnosus,Viruses;Duplodnaviria;Heunggongvirae;Uroviricota;Caudoviricetes
phage-species-33,StrainAtlasProphage_433_Contig_0_2,StrainAtlasProphage_433,0,209000,223000,14000,Lacticaseibacillus_rhamnosus,Viruses;Duplodnaviria;Heunggongvirae;Uroviricota;Caudoviricetes